{"expected_features": ["gps_speed", "battery", "cTemp", "dtc", "eLoad", "iat", "imap", "kpl", "maf", "rpm", "speed", "tAdv", "tPos", "x", "y", "z", "mx", "my", "mz", "total_acceleration", "angular_acceleration"], "medians": {"gps_speed": 65.9312, "battery": 0.0, "cTemp": 91.0, "dtc": 0.0, "eLoad": 56.4706, "iat": 29.0, "imap": 113.0, "kpl": 10.0043, "maf": 19.06, "rpm": 1533.25, "speed": 65.0, "tAdv": 0.0, "tPos": 23.1373, "x": -0.208750999, "y": -0.049605714, "z": 0.5964937, "mx": 0.728250841, "my": -0.006432222, "mz": 0.375350928, "total_acceleration": 0.9755254787432222, "angular_acceleration": 0.9755254787432222}}